Organization,State Senate 11,State Assembly 17,State Assembly 19
Democratic Party (SF),Scott Wiener,Matt Haney,Catherine Stefani
YIMBY Action,Scott Wiener,Matt Haney,Catherine Stefani
GrowSF,Scott Wiener,Matt Haney,Catherine Stefani
SF Tenants Union,,,David Lee
Sierra Club,Scott Wiener,Matt Haney,Catherine Stefani
SF Housing Action Coalition,Scott Wiener,Matt Haney,Catherine Stefani
SEIU 1021,Scott Wiener,Matt Haney,Catherine Stefani
SF Women's Political Committee,Scott Wiener,Matt Haney,Catherine Stefani
TogetherSF,Scott Wiener,Matt Haney,Catherine Stefani
SF Bicycle Coalition,Scott Wiener,Matt Haney,
SF Republican Party,Yvette Corkrean,Manuel Noris-Barrera,
District 11 Democratic Club,,Matt Haney,
Potrero Hill Democratic Club,Scott Wiener,Matt Haney,
Harvey Milk LGBTQ Democratic Club,,Matt Haney,David Lee
United Democratic Club,Scott Wiener,Matt Haney,Catherine Stefani
Ed M. Lee Asian Pacific Democratic Club,Scott Wiener,Matt Haney,Catherine Stefani
Alice B. Toklas LGBT Democratic Club,Scott Wiener,Matt Haney,Catherine Stefani
Chinese American Democratic Club,Scott Wiener,Matt Haney,Catherine Stefani
Eastern Neighborhoods Democratic Club,Scott Wiener,Matt Haney,Catherine Stefani
Noe Valley Democratic Club,Scott Wiener,Matt Haney,
Home Sharers Democratic Club,Scott Wiener,Matt Haney,Catherine Stefani
SF Young Republicans,Yvette Corkrean,Manuel Noris-Barrera,
